{"cameraMode":{"drawMode":0,"name":"Shaded","section":"Shading Mode"},"sceneLighting":true,"audioPlay":false,"sceneViewState":{"m_AlwaysRefresh":false,"showFog":true,"showSkybox":true,"showFlares":true,"showImageEffects":true,"showParticleSystems":true,"showVisualEffectGraphs":true,"m_FxEnabled":true},"in2DMode":false,"pivot":{"x":38.974578857421878,"y":28.99312973022461,"z":-68.16448974609375},"rotation":{"x":0.29615750908851626,"y":-0.31858697533607485,"z":0.10550251603126526,"w":0.8942455649375916},"size":12.12435531616211,"orthographic":false}