{"cameraMode":{"drawMode":0,"name":"Shaded","section":"Shading Mode"},"sceneLighting":true,"audioPlay":false,"sceneViewState":{"m_AlwaysRefresh":false,"showFog":true,"showSkybox":true,"showFlares":true,"showImageEffects":true,"showParticleSystems":true,"showVisualEffectGraphs":true,"m_FxEnabled":true},"in2DMode":false,"pivot":{"x":-34.28252029418945,"y":22.78432846069336,"z":-24.463516235351564},"rotation":{"x":0.02872656285762787,"y":0.8030994534492493,"z":0.038061920553445819,"w":-0.5944921374320984},"size":61.582027435302737,"orthographic":false}